method,effect,ci_low,ci_high,p_value
difference_in_differences_hosting,0.05374766382650878,0.021499952949274304,0.0847156525366232,0.000956014080999036
