matched_pairs,att_hosting_on_win,ci_low,ci_high
22,0.13636363636363635,-0.045454545454545456,0.3181818181818182
