hl_chi2,hl_p_value
1.0643767830434183,0.9978080039827347
